{
  "IcoMoonType": "selection",
  "icons": [
    {
      "icon": {
        "paths": [
          "M0 1024c128-384 463-1024 1024-1024-263 211-384 704-576 704s-192 0-192 0l-192 320h-64z"
        ],
        "tags": [
          "quill",
          "feather",
          "write",
          "edit"
        ],
        "defaultCode": 59655,
        "grid": 16,
        "attrs": []
      },
      "attrs": [],
      "properties": {
        "ligatures": "quill, feather",
        "name": "quill",
        "order": 17,
        "id": 8,
        "prevSize": 32
      },
      "setIdx": 0,
      "setId": 1,
      "iconIdx": 7
    },
    {
      "icon": {
        "paths": [
          "M959.884 128c0.040 0.034 0.082 0.076 0.116 0.116v767.77c-0.034 0.040-0.076 0.082-0.116 0.116h-895.77c-0.040-0.034-0.082-0.076-0.114-0.116v-767.772c0.034-0.040 0.076-0.082 0.114-0.114h895.77zM960 64h-896c-35.2 0-64 28.8-64 64v768c0 35.2 28.8 64 64 64h896c35.2 0 64-28.8 64-64v-768c0-35.2-28.8-64-64-64v0z",
          "M832 288c0 53.020-42.98 96-96 96s-96-42.98-96-96 42.98-96 96-96 96 42.98 96 96z",
          "M896 832h-768v-128l224-384 256 320h64l224-192z"
        ],
        "tags": [
          "image",
          "picture",
          "photo",
          "graphic"
        ],
        "defaultCode": 59661,
        "grid": 16,
        "attrs": []
      },
      "attrs": [],
      "properties": {
        "ligatures": "image, picture",
        "name": "image",
        "order": 2,
        "id": 14,
        "prevSize": 32
      },
      "setIdx": 0,
      "setId": 1,
      "iconIdx": 13
    },
    {
      "icon": {
        "width": 1152,
        "paths": [
          "M1088 128h-64v-64c0-35.2-28.8-64-64-64h-896c-35.2 0-64 28.8-64 64v768c0 35.2 28.8 64 64 64h64v64c0 35.2 28.8 64 64 64h896c35.2 0 64-28.8 64-64v-768c0-35.2-28.8-64-64-64zM128 192v640h-63.886c-0.040-0.034-0.082-0.076-0.114-0.116v-767.77c0.034-0.040 0.076-0.082 0.114-0.114h895.77c0.040 0.034 0.082 0.076 0.116 0.116v63.884h-768c-35.2 0-64 28.8-64 64v0zM1088 959.884c-0.034 0.040-0.076 0.082-0.116 0.116h-895.77c-0.040-0.034-0.082-0.076-0.114-0.116v-767.77c0.034-0.040 0.076-0.082 0.114-0.114h895.77c0.040 0.034 0.082 0.076 0.116 0.116v767.768z",
          "M960 352c0 53.020-42.98 96-96 96s-96-42.98-96-96 42.98-96 96-96 96 42.98 96 96z",
          "M1024 896h-768v-128l224-384 256 320h64l224-192z"
        ],
        "tags": [
          "images",
          "pictures",
          "photos",
          "graphics"
        ],
        "defaultCode": 59662,
        "grid": 16,
        "attrs": []
      },
      "attrs": [],
      "properties": {
        "ligatures": "images, pictures",
        "name": "images",
        "order": 3,
        "id": 15,
        "prevSize": 32
      },
      "setIdx": 0,
      "setId": 1,
      "iconIdx": 14
    },
    {
      "icon": {
        "paths": [
          "M960 0h64v736c0 88.366-100.29 160-224 160s-224-71.634-224-160c0-88.368 100.29-160 224-160 62.684 0 119.342 18.4 160 48.040v-368.040l-512 113.778v494.222c0 88.366-100.288 160-224 160s-224-71.634-224-160c0-88.368 100.288-160 224-160 62.684 0 119.342 18.4 160 48.040v-624.040l576-128z"
        ],
        "tags": [
          "music",
          "song",
          "audio",
          "sound",
          "note"
        ],
        "defaultCode": 59665,
        "grid": 16,
        "attrs": []
      },
      "attrs": [],
      "properties": {
        "ligatures": "music, song",
        "name": "music",
        "order": 6,
        "id": 18,
        "prevSize": 32
      },
      "setIdx": 0,
      "setId": 1,
      "iconIdx": 17
    },
    {
      "icon": {
        "paths": [
          "M981.188 160.108c-143.632-20.65-302.332-32.108-469.186-32.108-166.86 0-325.556 11.458-469.194 32.108-27.53 107.726-42.808 226.75-42.808 351.892 0 125.14 15.278 244.166 42.808 351.89 143.638 20.652 302.336 32.11 469.194 32.11 166.854 0 325.552-11.458 469.186-32.11 27.532-107.724 42.812-226.75 42.812-351.89 0-125.142-15.28-244.166-42.812-351.892zM384.002 704v-384l320 192-320 192z"
        ],
        "tags": [
          "play",
          "video",
          "movie"
        ],
        "defaultCode": 59666,
        "grid": 16,
        "attrs": []
      },
      "attrs": [],
      "properties": {
        "ligatures": "play, video",
        "name": "play",
        "order": 4,
        "id": 19,
        "prevSize": 32
      },
      "setIdx": 0,
      "setId": 1,
      "iconIdx": 18
    },
    {
      "icon": {
        "paths": [
          "M864 0h-768c-52.8 0-96 43.2-96 96v832c0 52.8 43.2 96 96 96h768c52.8 0 96-43.2 96-96v-832c0-52.8-43.2-96-96-96zM832 896h-704v-768h704v768zM256 448h448v64h-448zM256 576h448v64h-448zM256 704h448v64h-448zM256 320h448v64h-448z"
        ],
        "tags": [
          "file-text",
          "file",
          "document",
          "list",
          "paper"
        ],
        "defaultCode": 59682,
        "grid": 16,
        "attrs": []
      },
      "attrs": [],
      "properties": {
        "ligatures": "file-text, file",
        "name": "file-text",
        "order": 5,
        "id": 35,
        "prevSize": 32
      },
      "setIdx": 0,
      "setId": 1,
      "iconIdx": 34
    },
    {
      "icon": {
        "paths": [
          "M512 0c-176.732 0-320 143.268-320 320 0 320 320 704 320 704s320-384 320-704c0-176.732-143.27-320-320-320zM512 512c-106.040 0-192-85.96-192-192s85.96-192 192-192 192 85.96 192 192-85.96 192-192 192z"
        ],
        "tags": [
          "location",
          "map-marker",
          "pin"
        ],
        "defaultCode": 59719,
        "grid": 16,
        "attrs": []
      },
      "attrs": [],
      "properties": {
        "ligatures": "location, map-marker",
        "name": "location",
        "order": 18,
        "id": 72,
        "prevSize": 32
      },
      "setIdx": 0,
      "setId": 1,
      "iconIdx": 71
    },
    {
      "icon": {
        "paths": [
          "M761.862 1024c113.726-206.032 132.888-520.306-313.862-509.824v253.824l-384-384 384-384v248.372c534.962-13.942 594.57 472.214 313.862 775.628z"
        ],
        "tags": [
          "undo",
          "left",
          "arrow-left"
        ],
        "defaultCode": 59751,
        "grid": 16,
        "attrs": []
      },
      "attrs": [],
      "properties": {
        "ligatures": "undo2, left",
        "name": "undo2",
        "order": 9,
        "id": 104,
        "prevSize": 32
      },
      "setIdx": 0,
      "setId": 1,
      "iconIdx": 103
    },
    {
      "icon": {
        "paths": [
          "M576 248.372v-248.372l384 384-384 384v-253.824c-446.75-10.482-427.588 303.792-313.86 509.824-280.712-303.414-221.1-789.57 313.86-775.628z"
        ],
        "tags": [
          "redo",
          "right",
          "arrow-right"
        ],
        "defaultCode": 59752,
        "grid": 16,
        "attrs": []
      },
      "attrs": [],
      "properties": {
        "ligatures": "redo2, right",
        "name": "redo2",
        "order": 10,
        "id": 105,
        "prevSize": 32
      },
      "setIdx": 0,
      "setId": 1,
      "iconIdx": 104
    },
    {
      "icon": {
        "paths": [
          "M262.14 0c-113.728 206.032-132.89 520.304 313.86 509.824v-253.824l384 384-384 384v-248.372c-534.96 13.942-594.572-472.214-313.86-775.628z"
        ],
        "tags": [
          "forward",
          "right",
          "arrow-right"
        ],
        "defaultCode": 59753,
        "grid": 16,
        "attrs": []
      },
      "attrs": [],
      "properties": {
        "ligatures": "forward, right2",
        "name": "forward",
        "order": 11,
        "id": 106,
        "prevSize": 32
      },
      "setIdx": 0,
      "setId": 1,
      "iconIdx": 105
    },
    {
      "icon": {
        "paths": [
          "M448 775.628v248.372l-384-384 384-384v253.824c446.75 10.48 427.588-303.792 313.862-509.824 280.71 303.414 221.1 789.57-313.862 775.628z"
        ],
        "tags": [
          "reply",
          "left",
          "arrow-left"
        ],
        "defaultCode": 59754,
        "grid": 16,
        "attrs": []
      },
      "attrs": [],
      "properties": {
        "ligatures": "reply, left2",
        "name": "reply",
        "order": 12,
        "id": 107,
        "prevSize": 32
      },
      "setIdx": 0,
      "setId": 1,
      "iconIdx": 106
    },
    {
      "icon": {
        "paths": [
          "M512 64c282.77 0 512 186.25 512 416 0 229.752-229.23 416-512 416-27.156 0-53.81-1.734-79.824-5.044-109.978 109.978-241.25 129.7-368.176 132.596v-26.916c68.536-33.578 128-94.74 128-164.636 0-9.754-0.758-19.33-2.164-28.696-115.796-76.264-189.836-192.754-189.836-323.304 0-229.75 229.23-416 512-416z"
        ],
        "tags": [
          "bubble",
          "comment",
          "chat",
          "talk"
        ],
        "defaultCode": 59755,
        "grid": 16,
        "attrs": []
      },
      "attrs": [],
      "properties": {
        "ligatures": "bubble, comment",
        "name": "bubble",
        "order": 7,
        "id": 108,
        "prevSize": 32
      },
      "setIdx": 0,
      "setId": 1,
      "iconIdx": 107
    },
    {
      "icon": {
        "width": 1152,
        "paths": [
          "M480 0v0c265.096 0 480 173.914 480 388.448s-214.904 388.448-480 388.448c-25.458 0-50.446-1.62-74.834-4.71-103.106 102.694-222.172 121.108-341.166 123.814v-25.134c64.252-31.354 116-88.466 116-153.734 0-9.106-0.712-18.048-2.030-26.794-108.558-71.214-177.97-179.988-177.97-301.89 0-214.534 214.904-388.448 480-388.448zM996 870.686c0 55.942 36.314 104.898 92 131.772v21.542c-103.126-2.318-197.786-18.102-287.142-106.126-21.14 2.65-42.794 4.040-64.858 4.040-95.47 0-183.408-25.758-253.614-69.040 144.674-0.506 281.26-46.854 384.834-130.672 52.208-42.252 93.394-91.826 122.414-147.348 30.766-58.866 46.366-121.582 46.366-186.406 0-10.448-0.45-20.836-1.258-31.168 72.57 59.934 117.258 141.622 117.258 231.676 0 104.488-60.158 197.722-154.24 258.764-1.142 7.496-1.76 15.16-1.76 22.966z"
        ],
        "tags": [
          "bubbles",
          "comments",
          "chat",
          "talk"
        ],
        "defaultCode": 59757,
        "grid": 16,
        "attrs": []
      },
      "attrs": [],
      "properties": {
        "ligatures": "bubbles2, comments2",
        "name": "bubbles2",
        "order": 8,
        "id": 110,
        "prevSize": 32
      },
      "setIdx": 0,
      "setId": 1,
      "iconIdx": 109
    },
    {
      "icon": {
        "width": 1152,
        "paths": [
          "M768 770.612v-52.78c70.498-39.728 128-138.772 128-237.832 0-159.058 0-288-192-288s-192 128.942-192 288c0 99.060 57.502 198.104 128 237.832v52.78c-217.102 17.748-384 124.42-384 253.388h896c0-128.968-166.898-235.64-384-253.388z",
          "M327.196 795.328c55.31-36.15 124.080-63.636 199.788-80.414-15.054-17.784-28.708-37.622-40.492-59.020-30.414-55.234-46.492-116.058-46.492-175.894 0-86.042 0-167.31 30.6-233.762 29.706-64.504 83.128-104.496 159.222-119.488-16.914-76.48-61.94-126.75-181.822-126.75-192 0-192 128.942-192 288 0 99.060 57.502 198.104 128 237.832v52.78c-217.102 17.748-384 124.42-384 253.388h279.006c14.518-12.91 30.596-25.172 48.19-36.672z"
        ],
        "tags": [
          "users",
          "group",
          "team",
          "members",
          "community",
          "collaborate"
        ],
        "defaultCode": 59762,
        "grid": 16,
        "attrs": []
      },
      "attrs": [],
      "properties": {
        "ligatures": "users, group",
        "name": "users",
        "order": 13,
        "id": 115,
        "prevSize": 32
      },
      "setIdx": 0,
      "setId": 1,
      "iconIdx": 114
    },
    {
      "icon": {
        "paths": [
          "M384 128c0-70.692 57.308-128 128-128s128 57.308 128 128c0 70.692-57.308 128-128 128s-128-57.308-128-128zM790.994 512c0 0 0 0 0 0 0-57.993 47.013-105.006 105.006-105.006s105.006 47.013 105.006 105.006c0 0 0 0 0 0 0 57.993-47.013 105.006-105.006 105.006s-105.006-47.013-105.006-105.006zM688.424 783.53c0-52.526 42.58-95.106 95.106-95.106s95.106 42.58 95.106 95.106c0 52.526-42.58 95.106-95.106 95.106s-95.106-42.58-95.106-95.106zM425.862 896c0-47.573 38.565-86.138 86.138-86.138s86.138 38.565 86.138 86.138c0 47.573-38.565 86.138-86.138 86.138s-86.138-38.565-86.138-86.138zM162.454 783.53c0-43.088 34.93-78.018 78.018-78.018s78.018 34.93 78.018 78.018c0 43.088-34.93 78.018-78.018 78.018s-78.018-34.93-78.018-78.018zM57.338 512c0-39.026 31.636-70.662 70.662-70.662s70.662 31.636 70.662 70.662c0 39.026-31.636 70.662-70.662 70.662s-70.662-31.636-70.662-70.662zM176.472 240.472c0 0 0 0 0 0 0-35.346 28.654-64 64-64s64 28.654 64 64c0 0 0 0 0 0 0 35.346-28.654 64-64 64s-64-28.654-64-64zM899.464 240.472c0 64.024-51.906 115.934-115.936 115.934-64.024 0-115.936-51.91-115.936-115.934 0-64.032 51.912-115.934 115.936-115.934 64.030 0 115.936 51.902 115.936 115.934z"
        ],
        "tags": [
          "spinner",
          "loading",
          "loading-wheel",
          "busy",
          "wait"
        ],
        "defaultCode": 59775,
        "grid": 16,
        "attrs": []
      },
      "attrs": [],
      "properties": {
        "ligatures": "spinner6, loading7",
        "name": "spinner6",
        "order": 14,
        "id": 128,
        "prevSize": 32
      },
      "setIdx": 0,
      "setId": 1,
      "iconIdx": 127
    },
    {
      "icon": {
        "paths": [
          "M363.722 722.052l41.298-57.816-45.254-45.256-57.818 41.296c-10.722-5.994-22.204-10.774-34.266-14.192l-11.682-70.084h-64l-11.68 70.086c-12.062 3.418-23.544 8.198-34.266 14.192l-57.818-41.298-45.256 45.256 41.298 57.816c-5.994 10.72-10.774 22.206-14.192 34.266l-70.086 11.682v64l70.086 11.682c3.418 12.060 8.198 23.544 14.192 34.266l-41.298 57.816 45.254 45.256 57.818-41.296c10.722 5.994 22.204 10.774 34.266 14.192l11.682 70.084h64l11.68-70.086c12.062-3.418 23.544-8.198 34.266-14.192l57.818 41.296 45.254-45.256-41.298-57.816c5.994-10.72 10.774-22.206 14.192-34.266l70.088-11.68v-64l-70.086-11.682c-3.418-12.060-8.198-23.544-14.192-34.266zM224 864c-35.348 0-64-28.654-64-64s28.652-64 64-64 64 28.654 64 64-28.652 64-64 64zM1024 384v-64l-67.382-12.25c-1.242-8.046-2.832-15.978-4.724-23.79l57.558-37.1-24.492-59.128-66.944 14.468c-4.214-6.91-8.726-13.62-13.492-20.13l39.006-56.342-45.256-45.254-56.342 39.006c-6.512-4.766-13.22-9.276-20.13-13.494l14.468-66.944-59.128-24.494-37.1 57.558c-7.812-1.892-15.744-3.482-23.79-4.724l-12.252-67.382h-64l-12.252 67.382c-8.046 1.242-15.976 2.832-23.79 4.724l-37.098-57.558-59.128 24.492 14.468 66.944c-6.91 4.216-13.62 8.728-20.13 13.494l-56.342-39.006-45.254 45.254 39.006 56.342c-4.766 6.51-9.278 13.22-13.494 20.13l-66.944-14.468-24.492 59.128 57.558 37.1c-1.892 7.812-3.482 15.742-4.724 23.79l-67.384 12.252v64l67.382 12.25c1.242 8.046 2.832 15.978 4.724 23.79l-57.558 37.1 24.492 59.128 66.944-14.468c4.216 6.91 8.728 13.618 13.494 20.13l-39.006 56.342 45.254 45.256 56.342-39.006c6.51 4.766 13.22 9.276 20.13 13.492l-14.468 66.944 59.128 24.492 37.102-57.558c7.81 1.892 15.742 3.482 23.788 4.724l12.252 67.384h64l12.252-67.382c8.044-1.242 15.976-2.832 23.79-4.724l37.1 57.558 59.128-24.492-14.468-66.944c6.91-4.216 13.62-8.726 20.13-13.492l56.342 39.006 45.256-45.256-39.006-56.342c4.766-6.512 9.276-13.22 13.492-20.13l66.944 14.468 24.492-59.13-57.558-37.1c1.892-7.812 3.482-15.742 4.724-23.79l67.382-12.25zM672 491.2c-76.878 0-139.2-62.322-139.2-139.2s62.32-139.2 139.2-139.2 139.2 62.322 139.2 139.2c0 76.878-62.32 139.2-139.2 139.2z"
        ],
        "tags": [
          "cogs",
          "gears",
          "preferences",
          "settings",
          "generate",
          "control",
          "options"
        ],
        "defaultCode": 59797,
        "grid": 16,
        "attrs": []
      },
      "attrs": [],
      "properties": {
        "ligatures": "cogs, gears",
        "name": "cogs",
        "order": 16,
        "id": 150,
        "prevSize": 32
      },
      "setIdx": 0,
      "setId": 1,
      "iconIdx": 149
    },
    {
      "icon": {
        "paths": [
          "M128 320v640c0 35.2 28.8 64 64 64h576c35.2 0 64-28.8 64-64v-640h-704zM320 896h-64v-448h64v448zM448 896h-64v-448h64v448zM576 896h-64v-448h64v448zM704 896h-64v-448h64v448z",
          "M848 128h-208v-80c0-26.4-21.6-48-48-48h-224c-26.4 0-48 21.6-48 48v80h-208c-26.4 0-48 21.6-48 48v80h832v-80c0-26.4-21.6-48-48-48zM576 128h-192v-63.198h192v63.198z"
        ],
        "tags": [
          "bin",
          "trashcan",
          "remove",
          "delete",
          "recycle",
          "dispose"
        ],
        "defaultCode": 59820,
        "grid": 16,
        "attrs": []
      },
      "attrs": [],
      "properties": {
        "ligatures": "bin, trashcan",
        "name": "bin",
        "order": 20,
        "id": 173,
        "prevSize": 32
      },
      "setIdx": 0,
      "setId": 1,
      "iconIdx": 172
    },
    {
      "icon": {
        "paths": [
          "M64 192h896v192h-896zM64 448h896v192h-896zM64 704h896v192h-896z"
        ],
        "tags": [
          "menu",
          "list",
          "options",
          "lines",
          "hamburger"
        ],
        "defaultCode": 59837,
        "grid": 16,
        "attrs": []
      },
      "attrs": [],
      "properties": {
        "ligatures": "menu, list3",
        "name": "menu",
        "order": 21,
        "id": 190,
        "prevSize": 32
      },
      "setIdx": 0,
      "setId": 1,
      "iconIdx": 189
    },
    {
      "icon": {
        "paths": [
          "M448 304c0-26.4 21.6-48 48-48h32c26.4 0 48 21.6 48 48v32c0 26.4-21.6 48-48 48h-32c-26.4 0-48-21.6-48-48v-32z",
          "M640 768h-256v-64h64v-192h-64v-64h192v256h64z",
          "M512 0c-282.77 0-512 229.23-512 512s229.23 512 512 512 512-229.23 512-512-229.23-512-512-512zM512 928c-229.75 0-416-186.25-416-416s186.25-416 416-416 416 186.25 416 416-186.25 416-416 416z"
        ],
        "tags": [
          "info",
          "information"
        ],
        "defaultCode": 59916,
        "grid": 16,
        "attrs": []
      },
      "attrs": [],
      "properties": {
        "ligatures": "info, information",
        "name": "info",
        "order": 23,
        "id": 269,
        "prevSize": 32
      },
      "setIdx": 0,
      "setId": 1,
      "iconIdx": 268
    },
    {
      "icon": {
        "paths": [
          "M1014.662 822.66c-0.004-0.004-0.008-0.008-0.012-0.010l-310.644-310.65 310.644-310.65c0.004-0.004 0.008-0.006 0.012-0.010 3.344-3.346 5.762-7.254 7.312-11.416 4.246-11.376 1.824-24.682-7.324-33.83l-146.746-146.746c-9.148-9.146-22.45-11.566-33.828-7.32-4.16 1.55-8.070 3.968-11.418 7.31 0 0.004-0.004 0.006-0.008 0.010l-310.648 310.652-310.648-310.65c-0.004-0.004-0.006-0.006-0.010-0.010-3.346-3.342-7.254-5.76-11.414-7.31-11.38-4.248-24.682-1.826-33.83 7.32l-146.748 146.748c-9.148 9.148-11.568 22.452-7.322 33.828 1.552 4.16 3.97 8.072 7.312 11.416 0.004 0.002 0.006 0.006 0.010 0.010l310.65 310.648-310.65 310.652c-0.002 0.004-0.006 0.006-0.008 0.010-3.342 3.346-5.76 7.254-7.314 11.414-4.248 11.376-1.826 24.682 7.322 33.83l146.748 146.746c9.15 9.148 22.452 11.568 33.83 7.322 4.16-1.552 8.070-3.97 11.416-7.312 0.002-0.004 0.006-0.006 0.010-0.010l310.648-310.65 310.648 310.65c0.004 0.002 0.008 0.006 0.012 0.008 3.348 3.344 7.254 5.762 11.414 7.314 11.378 4.246 24.684 1.826 33.828-7.322l146.746-146.748c9.148-9.148 11.57-22.454 7.324-33.83-1.552-4.16-3.97-8.068-7.314-11.414z"
        ],
        "tags": [
          "cross",
          "cancel",
          "close",
          "quit",
          "remove"
        ],
        "defaultCode": 59919,
        "grid": 16,
        "attrs": []
      },
      "attrs": [],
      "properties": {
        "ligatures": "cross, cancel",
        "name": "cross",
        "order": 22,
        "id": 272,
        "prevSize": 32
      },
      "setIdx": 0,
      "setId": 1,
      "iconIdx": 271
    },
    {
      "icon": {
        "paths": [
          "M384 512h-320v-128h320v-128l192 192-192 192zM1024 0v832l-384 192v-192h-384v-256h64v192h320v-576l256-128h-576v256h-64v-320z"
        ],
        "tags": [
          "enter",
          "signin",
          "login"
        ],
        "defaultCode": 59923,
        "grid": 16,
        "attrs": []
      },
      "attrs": [],
      "properties": {
        "ligatures": "enter, signin",
        "name": "enter",
        "order": 24,
        "id": 276,
        "prevSize": 32
      },
      "setIdx": 0,
      "setId": 1,
      "iconIdx": 275
    }
  ],
  "height": 1024,
  "preferences": {
    "showGlyphs": true,
    "showQuickUse": true,
    "showQuickUse2": true,
    "showSVGs": true,
    "fontPref": {
      "prefix": "icon-",
      "metadata": {
        "fontFamily": "icomoon"
      },
      "metrics": {
        "emSize": 1024,
        "baseline": 6.25,
        "whitespace": 50
      },
      "embed": false
    },
    "imagePref": {
      "prefix": "icon-",
      "png": true,
      "useClassSelector": true,
      "color": 0,
      "bgColor": 16777215,
      "classSelector": ".icon"
    },
    "historySize": 100,
    "showCodes": true,
    "gridSize": 16
  }
}